{"auth": {"credentials": [{"username": "tomcat", "password": "tomcat"}, {"username": "admin", "password": "admin"}, {"username": "ovwebusr", "password": "OvW*busr1"}, {"username": "j2deployer", "password": "j2deployer"}, {"username": "cxsdk", "password": "kdsxc"}, {"username": "ADMIN", "password": "ADMIN"}, {"username": "xampp", "password": "xampp"}, {"username": "tomcat", "password": "s3cret"}, {"username": "QCC", "password": "QLogic66"}, {"username": "admin", "password": null}, {"username": "admin", "password": "tomcat"}, {"username": "root", "password": "root"}, {"username": "role1", "password": "role1"}, {"username": "role", "password": "changethis"}, {"username": "tomcat", "password": "changethis"}, {"username": "admin", "password": "j5Brn9"}, {"username": "role1", "password": "tomcat"}], "success": {"status": 200}, "type": "basic_auth", "url": ["/manager/html", "/tomcat/manager/html"]}, "category": "web", "contributor": "ztgrace", "default_port": 8080, "fingerprint": {"basic_auth_realm": "Tomcat Manager Application", "status": 401, "url": ["/manager/html", "/tomcat/manager/html"]}, "name": "Apache Tomcat", "ssl": false}