{"auth": {"credentials": [{"password": "password", "username": "admin"}], "csrf": null, "post": {"domain": "OpsCenterUsers(vx)", "password": "password", "save": "Log In", "username": "userName"}, "sessionid": "JSESSIONID", "success": {"body": ["document.location.href=\"/opscenter/homeLandingAction.do\""], "status": 200}, "type": "post", "url": ["/opscenter/loadLogin.do"]}, "category": "web", "contributor": "ztgrace", "default_port": 443, "fingerprint": {"body": ["<title>Symantec NetBackup OpsCenter Analytics</title>"], "status": 200, "url": ["/opscenter/"]}, "name": "NetBackup OpsCenter Analytics", "ssl": true}