{"auth": {"credentials": [{"password": "manager", "username": "system"}], "post": {"password": "j_password", "submit": "Login", "username": "j_username"}, "sessionid": "JSESSIONID", "success": {"body": ["Logout</a>"], "status": 200}, "type": "post", "url": ["/console/portal/Server/j_security_check"]}, "category": "web", "contributor": "BuckyGoat", "default_port": 8080, "fingerprint": {"body": ["Administrative Console Login"], "status": 200, "url": ["/console/portal/Server/Web%20Server"]}, "name": "WebSphere", "ssl": false}