{"auth": {"credentials": [{"username": null, "password": 0}, {"username": null, "password": "0392a0"}, {"username": null, "password": 1234}, {"username": null, "password": "2read"}, {"username": null, "password": "4changes"}, {"username": null, "password": "access"}, {"username": null, "password": "adm"}, {"username": null, "password": "admin"}, {"username": null, "password": "Admin"}, {"username": null, "password": "agent"}, {"username": null, "password": "agent_steal"}, {"username": null, "password": "all"}, {"username": null, "password": "all"}, {"username": null, "password": "private"}, {"username": null, "password": "all"}, {"username": null, "password": "ANYCOM"}, {"username": null, "password": "apc"}, {"username": null, "password": "bintec"}, {"username": null, "password": "blue"}, {"username": null, "password": "c"}, {"username": null, "password": "C0de"}, {"username": null, "password": "cable-d"}, {"username": null, "password": "canon_admin"}, {"username": null, "password": "cc"}, {"username": null, "password": "cisco"}, {"username": null, "password": "CISCO"}, {"username": null, "password": "community"}, {"username": null, "password": "core"}, {"username": null, "password": "CR52401"}, {"username": null, "password": "debug"}, {"username": null, "password": "default"}, {"username": null, "password": "dilbert"}, {"username": null, "password": "enable"}, {"username": null, "password": "field"}, {"username": null, "password": "field-service"}, {"username": null, "password": "freekevin"}, {"username": null, "password": "fubar"}, {"username": null, "password": "guest"}, {"username": null, "password": "hello"}, {"username": null, "password": "hp_admin"}, {"username": null, "password": "ibm"}, {"username": null, "password": "IBM"}, {"username": null, "password": "ilmi"}, {"username": null, "password": "ILMI"}, {"username": null, "password": "intermec"}, {"username": null, "password": "Intermec"}, {"username": null, "password": "internal"}, {"username": null, "password": "l2"}, {"username": null, "password": "l3"}, {"username": null, "password": "manager"}, {"username": null, "password": "mngt"}, {"username": null, "password": "monitor"}, {"username": null, "password": "netman"}, {"username": null, "password": "network"}, {"username": null, "password": "NoGaH$@!"}, {"username": null, "password": "none"}, {"username": null, "password": "openview"}, {"username": null, "password": "OrigEquipMfr"}, {"username": null, "password": "pass"}, {"username": null, "password": "password"}, {"username": null, "password": "pr1v4t3"}, {"username": null, "password": "Private"}, {"username": null, "password": "PRIVATE"}, {"username": null, "password": "proxy"}, {"username": null, "password": "publ1c"}, {"username": null, "password": "public"}, {"username": null, "password": "Public"}, {"username": null, "password": "PUBLIC"}, {"username": null, "password": "read"}, {"username": null, "password": "read-only"}, {"username": null, "password": "readwrite"}, {"username": null, "password": "read-write"}, {"username": null, "password": "red"}, {"username": null, "password": "regional"}, {"username": null, "password": "rmon"}, {"username": null, "password": "rmon_admin"}, {"username": null, "password": "ro"}, {"username": null, "password": "root"}, {"username": null, "password": "router"}, {"username": null, "password": "rw"}, {"username": null, "password": "rwa"}, {"username": null, "password": "s!a@m#n$p%c"}, {"username": null, "password": "sanfran"}, {"username": null, "password": "san-fran"}, {"username": null, "password": "scotty"}, {"username": null, "password": "secret"}, {"username": null, "password": "Secret"}, {"username": null, "password": "SECRET"}, {"username": null, "password": "security"}, {"username": null, "password": "Security"}, {"username": null, "password": "SECURITY"}, {"username": null, "password": "seri"}, {"username": null, "password": "snmp"}, {"username": null, "password": "SNMP"}, {"username": null, "password": "snmpd"}, {"username": null, "password": "snmptrap"}, {"username": null, "password": "SNMP_trap"}, {"username": null, "password": "solaris"}, {"username": null, "password": "sun"}, {"username": null, "password": "SUN"}, {"username": null, "password": "superuser"}, {"username": null, "password": "switch"}, {"username": null, "password": "Switch"}, {"username": null, "password": "SWITCH"}, {"username": null, "password": "system"}, {"username": null, "password": "System"}, {"username": null, "password": "SYSTEM"}, {"username": null, "password": "tech"}, {"username": null, "password": "test"}, {"username": null, "password": "TEST"}, {"username": null, "password": "test2"}, {"username": null, "password": "tiv0li"}, {"username": null, "password": "tivoli"}, {"username": null, "password": "trap"}, {"username": null, "password": "world"}, {"username": null, "password": "write"}, {"username": null, "password": "xyzzy"}, {"username": null, "password": "yellow"}]}, "category": "snmp", "default_port": 161, "name": "SNMP", "contributor": "ztgrace", "references": ["https://github.com/danielmiessler/SecLists/blob/master/Miscellaneous/wordlist-common-snmp-community-strings.txt", "https://github.com/rapid7/metasploit-framework/blob/master/data/wordlists/snmp_default_pass.txt"]}